INSERT INTO Station VALUES ('Rue Sully - 44000 Nantes','Vnul');
INSERT INTO Station VALUES ('Rue Le Notre - 44000 Nantes','Vmoins');
INSERT INTO Station VALUES ('Place Bretagne - 44000 Nantes','Vnul');
INSERT INTO Station VALUES ('18 rue Scribe - 44000 Nantes','Vplus');
INSERT INTO Station VALUES ('Place du commerce - 44000 Nantes','Vnul');
INSERT INTO Station VALUES ('Rue Neuve-des-Capucins - 44000 Nantes','Vnul');
INSERT INTO Station VALUES ('Avenue Carnot - 44000 Nantes','Vplus'); 

INSERT INTO Bornette VALUES (01,'OK','Rue Sully - 44000 Nantes');
INSERT INTO Bornette VALUES (02,'OK','Rue Sully - 44000 Nantes');
INSERT INTO Bornette VALUES (03,'OK','Rue Sully - 44000 Nantes');
INSERT INTO Bornette VALUES (04,'OK','Rue Sully - 44000 Nantes');
INSERT INTO Bornette VALUES (05,'OK','Rue Sully - 44000 Nantes');
INSERT INTO Bornette VALUES (06,'OK','Rue Sully - 44000 Nantes');
INSERT INTO Bornette VALUES (07,'OK','Rue Sully - 44000 Nantes');
INSERT INTO Bornette VALUES (08,'OK','Rue Sully - 44000 Nantes');
INSERT INTO Bornette VALUES (09,'OK','Rue Sully - 44000 Nantes');
INSERT INTO Bornette VALUES (10,'OK','Rue Sully - 44000 Nantes');
INSERT INTO Bornette VALUES (11,'OK','Rue Le Notre - 44000 Nantes');
INSERT INTO Bornette VALUES (12,'HS','Rue Le Notre - 44000 Nantes');
INSERT INTO Bornette VALUES (13,'OK','Rue Le Notre - 44000 Nantes');
INSERT INTO Bornette VALUES (14,'OK','Rue Le Notre - 44000 Nantes');
INSERT INTO Bornette VALUES (15,'OK','Rue Le Notre - 44000 Nantes');
INSERT INTO Bornette VALUES (16,'OK','Rue Le Notre - 44000 Nantes');
INSERT INTO Bornette VALUES (17,'OK','Place Bretagne - 44000 Nantes');
INSERT INTO Bornette VALUES (18,'OK','Place Bretagne - 44000 Nantes');
INSERT INTO Bornette VALUES (19,'OK','Place Bretagne - 44000 Nantes');
INSERT INTO Bornette VALUES (20,'OK','Place Bretagne - 44000 Nantes');
INSERT INTO Bornette VALUES (21,'OK','Place Bretagne - 44000 Nantes');
INSERT INTO Bornette VALUES (22,'HS','Place Bretagne - 44000 Nantes');
INSERT INTO Bornette VALUES (23,'HS','Place Bretagne - 44000 Nantes');
INSERT INTO Bornette VALUES (24,'OK','Place Bretagne - 44000 Nantes');
INSERT INTO Bornette VALUES (25,'OK','Place Bretagne - 44000 Nantes');
INSERT INTO Bornette VALUES (26,'OK','18 rue Scribe - 44000 Nantes');
INSERT INTO Bornette VALUES (27,'OK','18 rue Scribe - 44000 Nantes');
INSERT INTO Bornette VALUES (28,'OK','18 rue Scribe - 44000 Nantes');
INSERT INTO Bornette VALUES (29,'OK','18 rue Scribe - 44000 Nantes');
INSERT INTO Bornette VALUES (30,'OK','18 rue Scribe - 44000 Nantes');
INSERT INTO Bornette VALUES (31,'OK','18 rue Scribe - 44000 Nantes');
INSERT INTO Bornette VALUES (32,'OK','18 rue Scribe - 44000 Nantes');
INSERT INTO Bornette VALUES (33,'OK','18 rue Scribe - 44000 Nantes');
INSERT INTO Bornette VALUES (34,'HS','18 rue Scribe - 44000 Nantes');
INSERT INTO Bornette VALUES (35,'HS','18 rue Scribe - 44000 Nantes');
INSERT INTO Bornette VALUES (36,'HS','18 rue Scribe - 44000 Nantes');
INSERT INTO Bornette VALUES (38,'OK','Place du commerce - 44000 Nantes');
INSERT INTO Bornette VALUES (39,'OK','Place du commerce - 44000 Nantes');
INSERT INTO Bornette VALUES (40,'OK','Place du commerce - 44000 Nantes');
INSERT INTO Bornette VALUES (41,'OK','Place du commerce - 44000 Nantes');
INSERT INTO Bornette VALUES (42,'OK','Place du commerce - 44000 Nantes');
INSERT INTO Bornette VALUES (43,'OK','Place du commerce - 44000 Nantes');
INSERT INTO Bornette VALUES (44,'OK','Place du commerce - 44000 Nantes');
INSERT INTO Bornette VALUES (45,'OK','Rue Neuve-des-Capucins - 44000 Nantes');
INSERT INTO Bornette VALUES (46,'OK','Rue Neuve-des-Capucins - 44000 Nantes');
INSERT INTO Bornette VALUES (47,'OK','Rue Neuve-des-Capucins - 44000 Nantes');
INSERT INTO Bornette VALUES (48,'OK','Rue Neuve-des-Capucins - 44000 Nantes');
INSERT INTO Bornette VALUES (49,'OK','Rue Neuve-des-Capucins - 44000 Nantes');
INSERT INTO Bornette VALUES (50,'OK','Rue Neuve-des-Capucins - 44000 Nantes');
INSERT INTO Bornette VALUES (51,'OK','Rue Neuve-des-Capucins - 44000 Nantes');
INSERT INTO Bornette VALUES (52,'OK','Rue Neuve-des-Capucins - 44000 Nantes');
INSERT INTO Bornette VALUES (53,'OK','Rue Neuve-des-Capucins - 44000 Nantes');
INSERT INTO Bornette VALUES (54,'OK','Rue Neuve-des-Capucins - 44000 Nantes');
INSERT INTO Bornette VALUES (55,'HS','Rue Neuve-des-Capucins - 44000 Nantes');
INSERT INTO Bornette VALUES (56,'OK','Rue Neuve-des-Capucins - 44000 Nantes');
INSERT INTO Bornette VALUES (57,'OK','Rue Neuve-des-Capucins - 44000 Nantes');
INSERT INTO Bornette VALUES (58,'HS','Rue Neuve-des-Capucins - 44000 Nantes');
INSERT INTO Bornette VALUES (59,'OK','Rue Neuve-des-Capucins - 44000 Nantes');
INSERT INTO Bornette VALUES (60,'OK','Rue Neuve-des-Capucins - 44000 Nantes');
INSERT INTO Bornette VALUES (61,'OK','Rue Neuve-des-Capucins - 44000 Nantes');
INSERT INTO Bornette VALUES (62,'OK','Rue Neuve-des-Capucins - 44000 Nantes');
INSERT INTO Bornette VALUES (63,'HS','Rue Neuve-des-Capucins - 44000 Nantes');
INSERT INTO Bornette VALUES (64,'OK','Rue Neuve-des-Capucins - 44000 Nantes');
INSERT INTO Bornette VALUES (65,'OK','Rue Neuve-des-Capucins - 44000 Nantes');
INSERT INTO Bornette VALUES (66,'OK','Rue Neuve-des-Capucins - 44000 Nantes');
INSERT INTO Bornette VALUES (67,'OK','Rue Neuve-des-Capucins - 44000 Nantes');
INSERT INTO Bornette VALUES (69,'OK','Avenue Carnot - 44000 Nantes');
INSERT INTO Bornette VALUES (70,'OK','Avenue Carnot - 44000 Nantes');
INSERT INTO Bornette VALUES (71,'OK','Avenue Carnot - 44000 Nantes');
INSERT INTO Bornette VALUES (72,'OK','Avenue Carnot - 44000 Nantes');
INSERT INTO Bornette VALUES (73,'OK','Avenue Carnot - 44000 Nantes');
INSERT INTO Bornette VALUES (74,'OK','Avenue Carnot - 44000 Nantes');
INSERT INTO Bornette VALUES (75,'OK','Avenue Carnot - 44000 Nantes');                                  

INSERT INTO Velo VALUES (1,'pliant',TO_DATE('25/01/1990','dd/mm/yyyy'),'enStation');
INSERT INTO Velo VALUES (2,'electrique',TO_DATE('07/03/1993','dd/mm/yyyy'),'enStation');
INSERT INTO Velo VALUES (3,'pliant',TO_DATE('09/08/2006','dd/mm/yyyy'),'enStation');
INSERT INTO Velo VALUES (4,'electrique',TO_DATE('20/03/2014','dd/mm/yyyy'),'enStation');
INSERT INTO Velo VALUES (5,'VTT',TO_DATE('15/05/2006','dd/mm/yyyy'),'enStation');
INSERT INTO Velo VALUES (6,'VTT',TO_DATE('28/09/2013','dd/mm/yyyy'),'enStation');
INSERT INTO Velo VALUES (7,'pliant',TO_DATE('03/07/2012','dd/mm/yyyy'),'enStation');
INSERT INTO Velo VALUES (8,'pliant',TO_DATE('03/07/2012','dd/mm/yyyy'),'enStation');
INSERT INTO Velo VALUES (9,'electrique',TO_DATE('07/03/1996','dd/mm/yyyy'),'enStation');
INSERT INTO Velo VALUES (10,'pliant',TO_DATE('17/02/2014','dd/mm/yyyy'),'enStation');
INSERT INTO Velo VALUES (11,'VTT',TO_DATE('04/11/2012','dd/mm/yyyy'),'enStation');
INSERT INTO Velo VALUES (12,'pliant',TO_DATE('14/09/2014','dd/mm/yyyy'),'enStation');
INSERT INTO Velo VALUES (13,'route',TO_DATE('25/04/2014','dd/mm/yyyy'),'enStation');
INSERT INTO Velo VALUES (14,'pliant',TO_DATE('25/04/2014','dd/mm/yyyy'),'enStation');
INSERT INTO Velo VALUES (15,'electrique',TO_DATE('15/05/2006','dd/mm/yyyy'),'enStation');
INSERT INTO Velo VALUES (16,'electrique',TO_DATE('20/03/2014','dd/mm/yyyy'),'enStation');
INSERT INTO Velo VALUES (17,'VTT',TO_DATE('20/03/2014','dd/mm/yyyy'),'enStation');
INSERT INTO Velo VALUES (18,'route',TO_DATE('28/09/2013','dd/mm/yyyy'),'enStation');
INSERT INTO Velo VALUES (19,'pliant',TO_DATE('28/09/2013','dd/mm/yyyy'),'enStation');
INSERT INTO Velo VALUES (20,'route',TO_DATE('03/07/2012','dd/mm/yyyy'),'enStation');
INSERT INTO Velo VALUES (21,'electrique',TO_DATE('03/07/2012','dd/mm/yyyy'),'enStation');
INSERT INTO Velo VALUES (22,'pliant',TO_DATE('25/01/1990','dd/mm/yyyy'),'enStation');
INSERT INTO Velo VALUES (23,'pliant',TO_DATE('25/01/1990','dd/mm/yyyy'),'enStation');
INSERT INTO Velo VALUES (24,'VTT',TO_DATE('07/03/1993','dd/mm/yyyy'),'enStation');
INSERT INTO Velo VALUES (25,'electrique',TO_DATE('07/03/1993','dd/mm/yyyy'),'enStation');
INSERT INTO Velo VALUES (26,'pliant',TO_DATE('15/05/2006','dd/mm/yyyy'),'enStation');
INSERT INTO Velo VALUES (27,'route',TO_DATE('15/05/2006','dd/mm/yyyy'),'enStation');
INSERT INTO Velo VALUES (28,'VTT',TO_DATE('25/04/2014','dd/mm/yyyy'),'enStation');
INSERT INTO Velo VALUES (29,'pliant',TO_DATE('25/04/2014','dd/mm/yyyy'),'enStation');
INSERT INTO Velo VALUES (30,'route',TO_DATE('20/03/1990','dd/mm/yyyy'),'enStation');
INSERT INTO Velo VALUES (31,'pliant',TO_DATE('17/03/2011','dd/mm/yyyy'),'enStation');
INSERT INTO Velo VALUES (32,'electrique',TO_DATE('17/03/2011','dd/mm/yyyy'),'enStation');
INSERT INTO Velo VALUES (33,'pliant',TO_DATE('29/01/2000','dd/mm/yyyy'),'enStation');
INSERT INTO Velo VALUES (34,'route',TO_DATE('29/01/2000','dd/mm/yyyy'),'enStation');
INSERT INTO Velo VALUES (35,'electrique',TO_DATE('20/08/2009','dd/mm/yyyy'),'enStation');
INSERT INTO Velo VALUES (36,'VTT',TO_DATE('20/08/2009','dd/mm/yyyy'),'enStation');
INSERT INTO Velo VALUES (37,'pliant',TO_DATE('20/08/2009','dd/mm/yyyy'),'enStation');
INSERT INTO Velo VALUES (38,'electrique',TO_DATE('19/07/2007','dd/mm/yyyy'),'embarque');
INSERT INTO Velo VALUES (39,'route',TO_DATE('19/07/2007','dd/mm/yyyy'),'embarque');
INSERT INTO Velo VALUES (40,'pliant',TO_DATE('19/07/2007','dd/mm/yyyy'),'embarque');
INSERT INTO Velo VALUES (41,'VTT',TO_DATE('19/07/2007','dd/mm/yyyy'),'embarque');
INSERT INTO Velo VALUES (42,'electrique',TO_DATE('03/09/2009','dd/mm/yyyy'),'embarque');
INSERT INTO Velo VALUES (43,'pliant',TO_DATE('03/09/2009','dd/mm/yyyy'),'embarque');
INSERT INTO Velo VALUES (44,'pliant',TO_DATE('22/12/2006','dd/mm/yyyy'),'enPanne');
INSERT INTO Velo VALUES (45,'pliant',TO_DATE('22/12/2006','dd/mm/yyyy'),'enPanne');
INSERT INTO Velo VALUES (46,'VTT',TO_DATE('22/12/2006','dd/mm/yyyy'),'enPanne');
INSERT INTO Velo VALUES (47,'route',TO_DATE('22/12/2006','dd/mm/yyyy'),'enPanne');
INSERT INTO Velo VALUES (48,'electrique',TO_DATE('06/09/2007','dd/mm/yyyy'),'enPanne');
INSERT INTO Velo VALUES (49,'route',TO_DATE('06/09/2007','dd/mm/yyyy'),'enPanne');
INSERT INTO Velo VALUES (50,'pliant',TO_DATE('06/09/2007','dd/mm/yyyy'),'enStation');
 
INSERT INTO Client VALUES (0001,'7894929078949290',1234);
INSERT INTO Client VALUES (0002,'9264323592643235',1234);
INSERT INTO Client VALUES (0003,'6723527667235276',1234);
INSERT INTO Client VALUES (0004,'8572306585723065',1234);
INSERT INTO Client VALUES (0005,'3834647638346476',1234);
INSERT INTO Client VALUES (0006,'3834647638346476',1234);
INSERT INTO Client VALUES (0007,'3834647638346476',1234);
INSERT INTO Client VALUES (0008,'3834647638346476',1234);
INSERT INTO Client VALUES (0009,'3834647638346476',1234);
INSERT INTO Client VALUES (0010,'8293530982935309',1234);
INSERT INTO Client VALUES (0011,'8293530982935309',1234);
INSERT INTO Client VALUES (0012,'1298660512986605',1234);
INSERT INTO Client VALUES (0013,'5607922656079226',1234);
INSERT INTO Client VALUES (0014,'1588768015887680',1234);
INSERT INTO Client VALUES (0015,'8905965589059655',1234);
INSERT INTO Client VALUES (0016,'9898851398988513',1234);
INSERT INTO Client VALUES (0017,'1401062614010626',1234);
INSERT INTO Client VALUES (0018,'8279028982790289',1234);
INSERT INTO Client VALUES (0019,'2063135720631357',1234);
INSERT INTO Client VALUES (0020,'2063135720631357',1234);
INSERT INTO Client VALUES (0021,'2063135720631357',1234);
INSERT INTO Client VALUES (0022,'3933054439330544',1234);
INSERT INTO Client VALUES (0023,'3933054439330544',1234);
INSERT INTO Client VALUES (0024,'5604871956048719',1234);
INSERT INTO Client VALUES (0025,'5294768852947688',1234);
INSERT INTO Client VALUES (0026,'1667874916678749',1234);
INSERT INTO Client VALUES (0027,'3527039835270398',1234);
INSERT INTO Client VALUES (0028,'5162169951621699',1234);
INSERT INTO Client VALUES (0029,'1232558712325587',1234);
INSERT INTO Client VALUES (0030,'6193444461934444',1234);
INSERT INTO Client VALUES (0031,'2813136628131366',1234);
INSERT INTO Client VALUES (0032,'9125294591252945',1234);
INSERT INTO Client VALUES (0033,'1238870612388706',1234);
INSERT INTO Client VALUES (0034,'2239081322390813',1234);
INSERT INTO Client VALUES (0035,'5024612950246129',1234);
INSERT INTO Client VALUES (0036,'5924281859242818',1234);
INSERT INTO Client VALUES (0037,'7105285571052855',1234);
INSERT INTO Client VALUES (0038,'7105285571052855',1234);
INSERT INTO Client VALUES (0039,'7105285571052855',1234);
INSERT INTO Client VALUES (0040,'7105285571052855',1234);
INSERT INTO Client VALUES (0041,'7105285571052855',1234);
INSERT INTO Client VALUES (0042,'5994405859944058',1234);
INSERT INTO Client VALUES (0043,'2963826129638261',1234);
INSERT INTO Client VALUES (0044,'7366269773662697',1234);
INSERT INTO Client VALUES (0045,'7366269773662697',1234);
INSERT INTO Client VALUES (0046,'3747328337473283',1234);
INSERT INTO Client VALUES (0047,'3747328337473283',1234);
INSERT INTO Client VALUES (0048,'3747328337473283',1234);
INSERT INTO Client VALUES (0049,'7817138278171382',1234);
INSERT INTO Client VALUES (0050,'7817138278171382',1234);
INSERT INTO Client VALUES (0051,'9876322998763229',1234);
INSERT INTO Client VALUES (0052,'6376214263762142',1234);
INSERT INTO Client VALUES (0053,'4190845341908453',1234);
INSERT INTO Client VALUES (0054,'2549087825490878',1234);
INSERT INTO Client VALUES (0055,'9882734998827349',1234);
INSERT INTO Client VALUES (0056,'8578053785780537',1234);
INSERT INTO Client VALUES (0057,'4704792647047926',1234);
INSERT INTO Client VALUES (0058,'7985551479855514',1234);
INSERT INTO Client VALUES (0059,'7045806270458062',1234);
INSERT INTO Client VALUES (0060,'2709986927099869',1234);
INSERT INTO Client VALUES (0061,'2981728029817280',1234);
INSERT INTO Client VALUES (0062,'6458785964587859',1234);
INSERT INTO Client VALUES (0063,'1506804115068041',1234);
INSERT INTO Client VALUES (0064,'1411991514119915',1234);
INSERT INTO Client VALUES (0065,'4978109149781091',1234);
INSERT INTO Client VALUES (0066,'4593652945936529',1234);
INSERT INTO Client VALUES (0067,'9012697890126978',1234);
INSERT INTO Client VALUES (0068,'3434993434349934',1234);
INSERT INTO Client VALUES (0069,'1363065713630657',1234);
INSERT INTO Client VALUES (0070,'8486956384869563',1234);
INSERT INTO Client VALUES (0071,'9550659395506593',1234);
INSERT INTO Client VALUES (0072,'5797898357978983',1234);
INSERT INTO Client VALUES (0073,'5029054250290542',1234);
INSERT INTO Client VALUES (0074,'4954171449541714',1234);
INSERT INTO Client VALUES (0075,'1965561419655614',1234);
INSERT INTO Client VALUES (0076,'1965561419655614',1234);
INSERT INTO Client VALUES (0077,'6958348969583489',1234);
INSERT INTO Client VALUES (0078,'8187395481873954',1234);
INSERT INTO Client VALUES (0079,'7822797278227972',1234);
INSERT INTO Client VALUES (0080,'8976244789762447',1234);
INSERT INTO Client VALUES (0081,'7926071879260718',1234);

INSERT INTO NonAbonne VALUES (0001);
INSERT INTO nonAbonne VALUES (0002);
INSERT INTO nonAbonne VALUES (0003);
INSERT INTO nonAbonne VALUES (0004);
INSERT INTO nonAbonne VALUES (0005);
INSERT INTO nonAbonne VALUES (0006);
INSERT INTO nonAbonne VALUES (0007);
INSERT INTO nonAbonne VALUES (0008);
INSERT INTO nonAbonne VALUES (0009);
INSERT INTO nonAbonne VALUES (0010);
INSERT INTO nonAbonne VALUES (0011);
INSERT INTO nonAbonne VALUES (0012);
INSERT INTO nonAbonne VALUES (0013);
INSERT INTO nonAbonne VALUES (0014);
INSERT INTO nonAbonne VALUES (0015);
INSERT INTO nonAbonne VALUES (0016);
INSERT INTO nonAbonne VALUES (0017);
INSERT INTO nonAbonne VALUES (0018);
INSERT INTO nonAbonne VALUES (0019);
INSERT INTO nonAbonne VALUES (0020);
INSERT INTO nonAbonne VALUES (0021);
INSERT INTO nonAbonne VALUES (0022);
INSERT INTO nonAbonne VALUES (0023);
INSERT INTO nonAbonne VALUES (0024);
INSERT INTO nonAbonne VALUES (0025);
INSERT INTO nonAbonne VALUES (0026);
INSERT INTO nonAbonne VALUES (0027);
INSERT INTO nonAbonne VALUES (0028);
INSERT INTO nonAbonne VALUES (0029);
INSERT INTO nonAbonne VALUES (0030);
INSERT INTO nonAbonne VALUES (0031);
INSERT INTO nonAbonne VALUES (0032);
INSERT INTO nonAbonne VALUES (0033);
INSERT INTO nonAbonne VALUES (0034);
INSERT INTO nonAbonne VALUES (0035);
INSERT INTO nonAbonne VALUES (0036);
INSERT INTO nonAbonne VALUES (0037);
INSERT INTO nonAbonne VALUES (0038);
INSERT INTO nonAbonne VALUES (0039);
INSERT INTO nonAbonne VALUES (0040);
INSERT INTO nonAbonne VALUES (0041);
INSERT INTO nonAbonne VALUES (0042);
INSERT INTO nonAbonne VALUES (0043);
INSERT INTO nonAbonne VALUES (0044);
INSERT INTO nonAbonne VALUES (0045);
INSERT INTO nonAbonne VALUES (0046);
INSERT INTO nonAbonne VALUES (0047);
INSERT INTO nonAbonne VALUES (0048);
INSERT INTO nonAbonne VALUES (0049);
INSERT INTO nonAbonne VALUES (0050);
INSERT INTO nonAbonne VALUES (0051);
INSERT INTO nonAbonne VALUES (0052);
INSERT INTO nonAbonne VALUES (0053);
INSERT INTO nonAbonne VALUES (0054);
INSERT INTO nonAbonne VALUES (0055);
INSERT INTO nonAbonne VALUES (0056);
INSERT INTO nonAbonne VALUES (0057);
INSERT INTO nonAbonne VALUES (0058);
INSERT INTO nonAbonne VALUES (0059);
INSERT INTO nonAbonne VALUES (0060);

INSERT INTO Abonne Values (0061,'Martin','Antoine',TO_DATE('20/03/1990','dd/mm/yyyy'),'masculin',' 87 rue Fresche Blanc 44000 Nantes', TO_DATE('07/09/2014','dd/mm/yyyy'), 'enCours');
INSERT INTO Abonne Values (0062,'Carrez','Natasha',TO_DATE('20/02/1992','dd/mm/yyyy'),'feminin','11 rue Francois Bonamy 44300 Nantes', TO_DATE('21/01/2015','dd/mm/yyyy'), 'enCours');
INSERT INTO Abonne Values (0063,'Dupont','Jaques',TO_DATE('13/08/1988','dd/mm/yyyy'),'masculin','105 boulevard Michelet 44000 Nantes', TO_DATE('21/01/2015','dd/mm/yyyy'), 'enCours');
INSERT INTO Abonne Values (0064,'Meunier','Karine',TO_DATE('08/03/1992','dd/mm/yyyy'),'feminin','16 bd Albert Einstein 44000 Nantes', TO_DATE('12/01/2015','dd/mm/yyyy'), 'enCours');
INSERT INTO Abonne Values (0065,'Salinas','Cedric',TO_DATE('14/05/1996','dd/mm/yyyy'),'masculin','110 rue Paul Bellamy 44000 Nantes', TO_DATE('12/01/2015','dd/mm/yyyy'), 'enCours');
INSERT INTO Abonne Values (0066,'Mallaroni','Hugo',TO_DATE('15/09/1989','dd/mm/yyyy'),'masculin','24 r Jean Poulain 44000 Nantes', TO_DATE('16/09/2014','dd/mm/yyyy'), 'enCours');
INSERT INTO Abonne Values (0067,'Michaud','Lucie',TO_DATE('04/03/1968','dd/mm/yyyy'),'feminin','10 Allee Loctudy 44300 Nantes', TO_DATE('21/08/2014','dd/mm/yyyy'), 'enCours');
INSERT INTO Abonne Values (0068,'Violette','Arthurus',TO_DATE('07/06/1975','dd/mm/yyyy'),'masculin','7 rue Paum Ramadier 44000 Nantes ', TO_DATE('15/11/2014','dd/mm/yyyy'), 'enCours');
INSERT INTO Abonne Values (0069,'Colombie','Philippe',TO_DATE('28/11/1973','dd/mm/yyyy'),'masculin','94, rue de la Gaudiniere 44300 Nantes', TO_DATE('07/04/2014','dd/mm/yyyy'), 'enCours');
INSERT INTO Abonne Values (0070,'Cosentino','Manon',TO_DATE('21/11/1985','dd/mm/yyyy'),'feminin',' 43 rue Fontaine de Barbin 44000 Nantes ', TO_DATE('19/07/2014','dd/mm/yyyy'), 'enCours');
INSERT INTO Abonne Values (0071,'Villard','Bertrand',TO_DATE('22/12/1991','dd/mm/yyyy'),'masculin','29 rue Bourdonnais 44100 Nantes', TO_DATE('20/05/2014','dd/mm/yyyy'), 'enCours');
INSERT INTO Abonne Values (0072,'Moullec','Mathieu',TO_DATE('30/01/1993','dd/mm/yyyy'),'masculin','8 rue Gigant 44000 Nantes ', TO_DATE('09/01/2015','dd/mm/yyyy'), 'enCours');
INSERT INTO Abonne Values (0073,'Couloud','Louis',TO_DATE('19/04/1993','dd/mm/yyyy'),'masculin','76 Rue Mauvoisins 44200 Nantes ', TO_DATE('29/07/2014','dd/mm/yyyy'), 'enCours');
INSERT INTO Abonne Values (0074,'Dard','Henry-Pierre',TO_DATE('23/02/1993','dd/mm/yyyy'),'masculin','10 rue Loquidy 44000 Nantes ', TO_DATE('09/03/2014','dd/mm/yyyy'), 'enCours');
INSERT INTO Abonne Values (0075,'Amore','Louis',TO_DATE('18/07/1994','dd/mm/yyyy'),'masculin','44 rue Mauvoisins 44200 Nantes', TO_DATE('21/09/2014','dd/mm/yyyy'), 'enCours');
INSERT INTO Abonne Values (0076,'Kieffer','Anthony',TO_DATE('02/06/1995','dd/mm/yyyy'),'masculin','11 Rue du Calvaire 44000 Nantes', TO_DATE('19/01/2015','dd/mm/yyyy'), 'enCours');
INSERT INTO Abonne Values (0077,'Rodrigues','Hugo',TO_DATE('06/06/1991','dd/mm/yyyy'),'masculin','22 Quai de la Fosse 44000 Nantes', TO_DATE('19/07/2014','dd/mm/yyyy'), 'enCours');
INSERT INTO Abonne Values (0078,'Trolong','Fatoumata',TO_DATE('18/08/1990','dd/mm/yyyy'),'feminin','10 Rue Copernic 44000 Nantes', TO_DATE('09/01/2014','dd/mm/yyyy'), 'echu');
INSERT INTO Abonne Values (0079,'Phuttavong','Maurice',TO_DATE('15/11/1990','dd/mm/yyyy'),'masculin','1 Rue Crucy 44000 Nantes', TO_DATE('17/04/2009','dd/mm/yyyy'), 'echu');
INSERT INTO Abonne Values (0080,'Oberson','Ludovique',TO_DATE('11/10/1992','dd/mm/yyyy'),'feminin','9 Rue Dugommier 44000 Nantes', TO_DATE('15/08/2012','dd/mm/yyyy'), 'echu');
INSERT INTO Abonne Values (0081,'Jacob','Diana',TO_DATE('29/06/1990','dd/mm/yyyy'),'feminin','16 Rue Lamoriciere 44100 Nantes', TO_DATE('20/03/1990','dd/mm/yyyy'), 'echu');


INSERT INTO Stocke VALUES (01,01);
INSERT INTO Stocke VALUES (02,02);
INSERT INTO Stocke VALUES (03,03);
INSERT INTO Stocke VALUES (04,04);
INSERT INTO Stocke VALUES (05,05);
INSERT INTO Stocke VALUES (06,11);
INSERT INTO Stocke VALUES (07,13);
INSERT INTO Stocke VALUES (08,14);
INSERT INTO Stocke VALUES (09,15);
INSERT INTO Stocke VALUES (10,24);
INSERT INTO Stocke VALUES (11,25);
INSERT INTO Stocke VALUES (12,26);
INSERT INTO Stocke VALUES (13,27);
INSERT INTO Stocke VALUES (14,28);
INSERT INTO Stocke VALUES (15,29);
INSERT INTO Stocke VALUES (16,30);
INSERT INTO Stocke VALUES (17,31);
INSERT INTO Stocke VALUES (18,32);
INSERT INTO Stocke VALUES (19,33);
INSERT INTO Stocke VALUES (20,34);
INSERT INTO Stocke VALUES (21,38);
INSERT INTO Stocke VALUES (22,39);
INSERT INTO Stocke VALUES (23,40);
INSERT INTO Stocke VALUES (24,41);
INSERT INTO Stocke VALUES (25,42);
INSERT INTO Stocke VALUES (26,43);
INSERT INTO Stocke VALUES (27,44);
INSERT INTO Stocke VALUES (28,45);
INSERT INTO Stocke VALUES (29,46);
INSERT INTO Stocke VALUES (30,47);
INSERT INTO Stocke VALUES (31,48);
INSERT INTO Stocke VALUES (32,49);
INSERT INTO Stocke VALUES (33,50);
INSERT INTO Stocke VALUES (34,51);
INSERT INTO Stocke VALUES (35,52);
INSERT INTO Stocke VALUES (36,53);
INSERT INTO Stocke VALUES (37,54);
INSERT INTO Stocke VALUES (50,60);

INSERT INTO Routine VALUES (01,TO_DATE('01/01/2015','dd/mm/yyyy'),TO_DATE('31/01/2015','dd/mm/yyyy'));
INSERT INTO Routine VALUES (02,TO_DATE('01/03/2015','dd/mm/yyyy'),TO_DATE('01/05/2015','dd/mm/yyyy'));
INSERT INTO Routine VALUES (03,TO_DATE('15/04/2015','dd/mm/yyyy'),TO_DATE('21/04/2015','dd/mm/yyyy'));

INSERT INTO VehiculeRegulation VALUES (01,'PEUGEOT',01,TO_DATE('07/09/2012','dd/mm/yyyy'));
INSERT INTO VehiculeRegulation VALUES (02,'PEUGEOT',02,TO_DATE('01/01/2010','dd/mm/yyyy'));
INSERT INTO VehiculeRegulation VALUES (03,'PEUGEOT',03,TO_DATE('09/04/2014','dd/mm/yyyy'));

INSERT INTO Periode VALUES (01,05,07,'Mardi');
INSERT INTO Periode VALUES (02,10,15,'Lundi');
INSERT INTO Periode VALUES (03,25,38,'Lundi');
INSERT INTO Periode VALUES (04,37,38,'Jeudi');
INSERT INTO Periode VALUES (05,12,45,'Mardi');
INSERT INTO Periode VALUES (06,01,52,'Lundi');
INSERT INTO Periode VALUES (07,01,52,'Mardi');
INSERT INTO Periode VALUES (08,01,52,'Mercredi');
INSERT INTO Periode VALUES (09,01,52,'Jeudi');
INSERT INTO Periode VALUES (10,01,52,'Vendredi');
INSERT INTO Periode VALUES (11,01,52,'Samedi');
INSERT INTO Periode VALUES (12,01,52,'Dimanche');   

INSERT INTO Tache VALUES (01,'Aller a la station Place Bretagne');
INSERT INTO Tache VALUES (11,'Aller a la station Avenue Carnot');
INSERT INTO Tache VALUES (12,'Aller a la station Rue Sully');
INSERT INTO Tache VALUES (13,'Aller a la station Rue Le Notre');
INSERT INTO Tache VALUES (14,'Aller a la station Place du commerce');
INSERT INTO Tache VALUES (15,'Aller a la station 18 rue Scribe');
INSERT INTO Tache VALUES (16,'Aller a la station Rue Neuve-des-Capucins');
INSERT INTO Tache VALUES (02,'Aller au centre de reparation');
INSERT INTO Tache VALUES (03,'Verifier la presence de X velos non endommages en station');
INSERT INTO Tache VALUES (04,'Verifier la disponibilite de Y emplacements en station');
INSERT INTO Tache VALUES (05,'Deposer les velos endommages au centre de reparation');
INSERT INTO Tache VALUES (06,'Controler et reparer les bornettes');
INSERT INTO Tache VALUES (07,'Reparation du velo X sur place');
INSERT INTO Tache VALUES (08,'Chargement du velo X dans le vehicule');
INSERT INTO Tache VALUES (09,'Depôt du velo X au centre de reparation');
INSERT INTO Tache VALUES (10,'Reparation bornette Y');

INSERT INTO Ordre VALUES (01,01,01,'valide');
INSERT INTO Ordre VALUES (02,01,03,'valide');
INSERT INTO Ordre VALUES (03,01,06,'valide');
INSERT INTO Ordre VALUES (04,01,02,'valide');
INSERT INTO Ordre VALUES (05,01,05,'nonEffectue');
INSERT INTO Ordre VALUES (01,02,15,'nonEffectue');
INSERT INTO Ordre VALUES (02,02,03,'nonEffectue');
INSERT INTO Ordre VALUES (03,02,06,'nonEffectue');
INSERT INTO Ordre VALUES (04,02,16,'nonEffectue');
INSERT INTO Ordre VALUES (05,02,04,'nonEffectue');
INSERT INTO Ordre VALUES (06,02,08,'nonEffectue');
INSERT INTO Ordre VALUES (07,02,02,'nonEffectue');
INSERT INTO Ordre VALUES (08,02,05,'nonEffectue');
INSERT INTO Ordre VALUES (09,02,16,'nonEffectue');
INSERT INTO Ordre VALUES (10,02,10,'nonEffectue');
INSERT INTO Ordre VALUES (01,03,13,'valide');
INSERT INTO Ordre VALUES (02,03,06,'annule');
INSERT INTO Ordre VALUES (03,03,01,'nonEffectue');
INSERT INTO Ordre VALUES (04,03,03,'nonEffectue');
INSERT INTO Ordre VALUES (05,03,06,'nonEffectue');
INSERT INTO Ordre VALUES (06,03,10,'nonEffectue');

INSERT INTO Amende VALUES (01,TO_DATE('01/01/2015','dd/mm/yyyy'), 'apayer');
INSERT INTO Amende VALUES (02,TO_DATE('12/10/2014','dd/mm/yyyy'), 'apayer');
INSERT INTO Amende VALUES (03,TO_DATE('14/12/2014','dd/mm/yyyy'), 'apayer');

INSERT INTO Loue VALUES (20,0065,TO_DATE('11/10/2014 08:05','dd/mm/yyyy HH24:MI'),02,TO_DATE('13/10/2014 09:48','dd/mm/yyyy HH24:MI'));
INSERT INTO Loue VALUES (20,0065,TO_DATE('13/12/2014 16:15','dd/mm/yyyy HH24:MI'),03,TO_DATE('15/01/2015 17:27','dd/mm/yyyy HH24:MI'));
INSERT INTO Loue VALUES (13,0076,TO_DATE('13/12/2014 08:50','dd/mm/yyyy HH24:MI'),01,TO_DATE('13/12/2014 09:50','dd/mm/yyyy HH24:MI'));
INSERT INTO Loue VALUES (10,0081,TO_DATE('01/09/2014 17:04','dd/mm/yyyy HH24:MI'),NULL,TO_DATE('01/09/2014 20:19','dd/mm/yyyy HH24:MI'));
INSERT INTO Loue VALUES (01,0068,TO_DATE('02/09/2014 13:15','dd/mm/yyyy HH24:MI'),NULL,TO_DATE('02/09/2014 14:28','dd/mm/yyyy HH24:MI'));
INSERT INTO Loue VALUES (01,0068,TO_DATE('03/09/2014 16:34','dd/mm/yyyy HH24:MI'),NULL,TO_DATE('03/09/2014 23:57','dd/mm/yyyy HH24:MI'));
INSERT INTO Loue VALUES (01,0068,TO_DATE('04/09/2014 00:17','dd/mm/yyyy HH24:MI'),NULL,TO_DATE('04/09/2014 01:19','dd/mm/yyyy HH24:MI'));
INSERT INTO Loue VALUES (01,0068,TO_DATE('05/09/2014 22:56','dd/mm/yyyy HH24:MI'),NULL,TO_DATE('06/09/2014 08:19','dd/mm/yyyy HH24:MI'));
INSERT INTO Loue VALUES (01,0068,TO_DATE('06/09/2014 19:21','dd/mm/yyyy HH24:MI'),NULL,TO_DATE('06/09/2014 21:20','dd/mm/yyyy HH24:MI'));
INSERT INTO Loue VALUES (01,0068,TO_DATE('07/09/2014 17:00','dd/mm/yyyy HH24:MI'),NULL,TO_DATE('07/09/2014 17:10','dd/mm/yyyy HH24:MI'));
INSERT INTO Loue VALUES (01,0068,TO_DATE('08/09/2014 07:45','dd/mm/yyyy HH24:MI'),NULL,TO_DATE('08/09/2014 08:20','dd/mm/yyyy HH24:MI'));
INSERT INTO Loue VALUES (01,0068,TO_DATE('09/09/2014 09:17','dd/mm/yyyy HH24:MI'),NULL,TO_DATE('09/09/2014 09:34','dd/mm/yyyy HH24:MI'));
INSERT INTO Loue VALUES (01,0068,TO_DATE('10/09/2014 19:08','dd/mm/yyyy HH24:MI'),NULL,TO_DATE('10/09/2014 20:04','dd/mm/yyyy HH24:MI'));
INSERT INTO Loue VALUES (01,0068,TO_DATE('11/09/2014 23:30','dd/mm/yyyy HH24:MI'),NULL,TO_DATE('12/09/2014 00:19','dd/mm/yyyy HH24:MI'));
INSERT INTO Loue VALUES (01,0068,TO_DATE('12/09/2014 15:27','dd/mm/yyyy HH24:MI'),NULL,TO_DATE('12/09/2014 16:39','dd/mm/yyyy HH24:MI'));
INSERT INTO Loue VALUES (01,0068,TO_DATE('13/09/2014 20:21','dd/mm/yyyy HH24:MI'),NULL,TO_DATE('13/09/2014 21:49','dd/mm/yyyy HH24:MI'));
INSERT INTO Loue VALUES (01,0068,TO_DATE('14/09/2014 14:23','dd/mm/yyyy HH24:MI'),NULL,TO_DATE('14/09/2014 19:25','dd/mm/yyyy HH24:MI'));

INSERT INTO Reserve VALUES (0068,01,06);
INSERT INTO Reserve VALUES (0068,01,07);
INSERT INTO Reserve VALUES (0068,01,08);
INSERT INTO Reserve VALUES (0068,01,09);
INSERT INTO Reserve VALUES (0068,01,10);
INSERT INTO Reserve VALUES (0068,01,11);
INSERT INTO Reserve VALUES (0068,01,12);

INSERT INTO Tarif VALUES (TO_DATE('2015','yyyy'),35);
INSERT INTO Tarif VALUES (TO_DATE('2014','yyyy'),32);
INSERT INTO Tarif VALUES (TO_DATE('2013','yyyy'),27);
INSERT INTO Tarif VALUES (TO_DATE('2012','yyyy'),21);
INSERT INTO Tarif VALUES (TO_DATE('2011','yyyy'),19);
INSERT INTO Tarif VALUES (TO_DATE('2010','yyyy'),18);
INSERT INTO Tarif VALUES (TO_DATE('2009','yyyy'),15);

